{"cameraMode":{"drawMode":0,"name":"Shaded","section":"Shading Mode"},"sceneLighting":true,"audioPlay":false,"sceneViewState":{"showFog":true,"showMaterialUpdate":true,"showSkybox":true,"showFlares":true,"showImageEffects":true,"showParticleSystems":true},"in2DMode":false,"pivot":{"x":-13.262349128723145,"y":11.331725120544434,"z":-6.816728115081787},"rotation":{"x":-0.027101552113890649,"y":-0.6794816255569458,"z":0.025033703073859216,"w":-0.7328845858573914},"size":14.592573165893555,"orthographic":false}