{"cameraMode":{"drawMode":0,"name":"Shaded","section":"Shading Mode"},"sceneLighting":true,"audioPlay":false,"sceneViewState":{"showFog":true,"showMaterialUpdate":true,"showSkybox":true,"showFlares":true,"showImageEffects":true,"showParticleSystems":true},"in2DMode":false,"pivot":{"x":-9.741966247558594,"y":7.896819591522217,"z":4.925581932067871},"rotation":{"x":-0.0954098254442215,"y":-0.9018481969833374,"z":0.2586573362350464,"w":-0.3326745629310608},"size":14.039694786071778,"orthographic":false}