{"cameraMode":{"drawMode":0,"name":"Shaded","section":"Shading Mode"},"sceneLighting":true,"audioPlay":false,"sceneViewState":{"showFog":true,"showMaterialUpdate":true,"showSkybox":true,"showFlares":true,"showImageEffects":true,"showParticleSystems":true},"in2DMode":false,"pivot":{"x":3.540614128112793,"y":7.703132629394531,"z":-6.691810607910156},"rotation":{"x":-0.23497502505779267,"y":-0.753770649433136,"z":0.35247501730918887,"w":-0.5025241374969482},"size":37.48115158081055,"orthographic":false}