{"cameraMode":{"drawMode":0,"name":"Shaded","section":"Shading Mode"},"sceneLighting":true,"audioPlay":false,"sceneViewState":{"showFog":true,"showMaterialUpdate":true,"showSkybox":true,"showFlares":true,"showImageEffects":true,"showParticleSystems":true},"in2DMode":false,"pivot":{"x":28.191104888916017,"y":10.25650691986084,"z":-12.231167793273926},"rotation":{"x":0.05315445363521576,"y":-0.44468042254447939,"z":0.026432285085320474,"w":0.8937361836433411},"size":27.074020385742189,"orthographic":false}