{"cameraMode":{"drawMode":0,"name":"Shaded","section":"Shading Mode"},"sceneLighting":true,"audioPlay":false,"sceneViewState":{"showFog":true,"showMaterialUpdate":true,"showSkybox":true,"showFlares":true,"showImageEffects":true,"showParticleSystems":true},"in2DMode":false,"pivot":{"x":-148.31317138671876,"y":-15.516092300415039,"z":2.5932822227478029},"rotation":{"x":-0.12133785337209702,"y":-0.8435467481613159,"z":0.21449360251426698,"w":-0.4771815836429596},"size":134.92852783203126,"orthographic":false}