{"cameraMode":{"drawMode":0,"name":"Shaded","section":"Shading Mode"},"sceneLighting":false,"audioPlay":false,"sceneViewState":{"showFog":true,"showMaterialUpdate":true,"showSkybox":true,"showFlares":true,"showImageEffects":true,"showParticleSystems":true},"in2DMode":false,"pivot":{"x":-108.26393127441406,"y":-31.083637237548829,"z":-329.2054443359375},"rotation":{"x":-0.011991706676781178,"y":0.9821935892105103,"z":-0.06728466600179672,"w":-0.17506851255893708},"size":365.5067443847656,"orthographic":false}