{"cameraMode":{"drawMode":0,"name":"Shaded","section":"Shading Mode"},"sceneLighting":true,"audioPlay":false,"sceneViewState":{"showFog":true,"showMaterialUpdate":true,"showSkybox":true,"showFlares":true,"showImageEffects":true,"showParticleSystems":true},"in2DMode":false,"pivot":{"x":-47.991859436035159,"y":-61.643455505371097,"z":-132.7710723876953},"rotation":{"x":0.044991035014390948,"y":-0.9519528746604919,"z":0.25057390332221987,"w":0.1705487072467804},"size":209.1296844482422,"orthographic":false}