{"cameraMode":{"drawMode":0,"name":"Shaded","section":"Shading Mode"},"sceneLighting":true,"audioPlay":false,"sceneViewState":{"showFog":true,"showMaterialUpdate":true,"showSkybox":true,"showFlares":true,"showImageEffects":true,"showParticleSystems":true},"in2DMode":false,"pivot":{"x":-4.627134799957275,"y":9.005389213562012,"z":-6.908714771270752},"rotation":{"x":0.08441352099180222,"y":-0.8322921991348267,"z":0.1322019100189209,"w":0.5317302942276001},"size":20.757898330688478,"orthographic":false}