{"cameraMode":{"drawMode":0,"name":"Shaded","section":"Shading Mode"},"sceneLighting":true,"audioPlay":false,"sceneViewState":{"showFog":true,"showMaterialUpdate":true,"showSkybox":true,"showFlares":true,"showImageEffects":true,"showParticleSystems":true},"in2DMode":false,"pivot":{"x":-31.50138282775879,"y":21.891775131225587,"z":-13.646929740905762},"rotation":{"x":0.1352834403514862,"y":0.4009224474430084,"z":-0.05855274945497513,"w":0.9045047760009766},"size":10.71103572845459,"orthographic":false}