{"cameraMode":{"drawMode":0,"name":"Shaded","section":"Shading Mode"},"sceneLighting":false,"audioPlay":false,"sceneViewState":{"showFog":true,"showMaterialUpdate":true,"showSkybox":false,"showFlares":true,"showImageEffects":true,"showParticleSystems":true},"in2DMode":false,"pivot":{"x":0.0,"y":0.11100000143051148,"z":0.4869999885559082},"rotation":{"x":-0.1324898898601532,"y":-0.7550655603408814,"z":0.1609443873167038,"w":-0.6216469407081604},"size":0.30005720257759097,"orthographic":false}