{"cameraMode":{"drawMode":0,"name":"Shaded","section":"Shading Mode"},"sceneLighting":true,"audioPlay":false,"sceneViewState":{"showFog":true,"showMaterialUpdate":true,"showSkybox":false,"showFlares":true,"showImageEffects":true,"showParticleSystems":true},"in2DMode":false,"pivot":{"x":-2.496103525161743,"y":3.093134880065918,"z":-3.899531841278076},"rotation":{"x":-0.040049340575933459,"y":-0.9248387813568115,"z":0.10167957097291947,"w":-0.36434826254844668},"size":27.41600227355957,"orthographic":false}