{"cameraMode":{"drawMode":0,"name":"Shaded","section":"Shading Mode"},"sceneLighting":true,"audioPlay":false,"sceneViewState":{"showFog":true,"showMaterialUpdate":true,"showSkybox":true,"showFlares":true,"showImageEffects":true,"showParticleSystems":true},"in2DMode":false,"pivot":{"x":0.6632943749427795,"y":2.7960541248321535,"z":-5.739863872528076},"rotation":{"x":0.27227455377578738,"y":0.4669472873210907,"z":-0.15372151136398316,"w":0.8271791338920593},"size":7.989081859588623,"orthographic":false}