{"cameraMode":{"drawMode":0,"name":"Shaded","section":"Shading Mode"},"sceneLighting":true,"audioPlay":false,"sceneViewState":{"showFog":true,"showMaterialUpdate":true,"showSkybox":true,"showFlares":true,"showImageEffects":true,"showParticleSystems":true},"in2DMode":false,"pivot":{"x":-12.517420768737793,"y":1.77116060256958,"z":-17.49456214904785},"rotation":{"x":-0.14326082170009614,"y":-0.7716875076293945,"z":0.18712319433689118,"w":-0.5907745957374573},"size":0.5326759219169617,"orthographic":false}