{"cameraMode":{"drawMode":0,"name":"Shaded","section":"Shading Mode"},"sceneLighting":false,"audioPlay":false,"sceneViewState":{"showFog":true,"showMaterialUpdate":true,"showSkybox":false,"showFlares":true,"showImageEffects":true,"showParticleSystems":true},"in2DMode":false,"pivot":{"x":-10.41009521484375,"y":1.021804928779602,"z":-17.694232940673829},"rotation":{"x":0.03838552534580231,"y":-0.9615996479988098,"z":0.18782687187194825,"w":0.19654132425785066},"size":5.363193988800049,"orthographic":false}