{"cameraMode":{"drawMode":0,"name":"Shaded","section":"Shading Mode"},"sceneLighting":true,"audioPlay":false,"sceneViewState":{"showFog":true,"showMaterialUpdate":true,"showSkybox":true,"showFlares":true,"showImageEffects":true,"showParticleSystems":true},"in2DMode":false,"pivot":{"x":-8.093093872070313,"y":1.709370493888855,"z":-2.2035186290740969},"rotation":{"x":-0.057289332151412967,"y":-0.932104229927063,"z":0.16961826384067536,"w":-0.3148888051509857},"size":2.6359941959381105,"orthographic":false}