{"cameraMode":{"drawMode":0,"name":"Shaded","section":"Shading Mode"},"sceneLighting":true,"audioPlay":false,"sceneViewState":{"showFog":true,"showMaterialUpdate":true,"showSkybox":true,"showFlares":true,"showImageEffects":true,"showParticleSystems":true},"in2DMode":false,"pivot":{"x":7.766746997833252,"y":1.5594203472137452,"z":-27.709514617919923},"rotation":{"x":-0.17703282833099366,"y":-0.3205503225326538,"z":0.061129502952098849,"w":-0.9285546541213989},"size":5.384232521057129,"orthographic":false}