{"cameraMode":{"drawMode":0,"name":"Shaded","section":"Shading Mode"},"sceneLighting":false,"audioPlay":false,"sceneViewState":{"showFog":true,"showMaterialUpdate":true,"showSkybox":false,"showFlares":true,"showImageEffects":true,"showParticleSystems":true},"in2DMode":false,"pivot":{"x":-9.450183868408204,"y":2.043609857559204,"z":-17.694232940673829},"rotation":{"x":-0.06175675243139267,"y":-0.7661325931549072,"z":0.07447443157434464,"w":-0.6353992223739624},"size":5.2137451171875,"orthographic":false}