{"cameraMode":{"drawMode":0,"name":"Shaded","section":"Shading Mode"},"sceneLighting":true,"audioPlay":false,"sceneViewState":{"showFog":true,"showMaterialUpdate":true,"showSkybox":true,"showFlares":true,"showImageEffects":true,"showParticleSystems":true},"in2DMode":false,"pivot":{"x":-10.860145568847657,"y":1.726140022277832,"z":-19.821374893188478},"rotation":{"x":0.0012267166748642922,"y":-0.9988383650779724,"z":0.03236979618668556,"w":0.03658419847488403},"size":4.200057029724121,"orthographic":false}