{"cameraMode":{"drawMode":0,"name":"Shaded","section":"Shading Mode"},"sceneLighting":true,"audioPlay":false,"sceneViewState":{"showFog":true,"showMaterialUpdate":true,"showSkybox":true,"showFlares":true,"showImageEffects":true,"showParticleSystems":true},"in2DMode":false,"pivot":{"x":3.0969595909118654,"y":-20.199100494384767,"z":2.4157869815826418},"rotation":{"x":-0.400666743516922,"y":-0.5782552361488342,"z":0.3900943398475647,"w":-0.5941317677497864},"size":59.310665130615237,"orthographic":false}