{"cameraMode":{"drawMode":0,"name":"Shaded","section":"Shading Mode"},"sceneLighting":false,"audioPlay":false,"sceneViewState":{"showFog":true,"showMaterialUpdate":true,"showSkybox":false,"showFlares":true,"showImageEffects":true,"showParticleSystems":true},"in2DMode":false,"pivot":{"x":-8.388456344604493,"y":1.58797287940979,"z":-1.2118430137634278},"rotation":{"x":-0.06922784447669983,"y":-0.9093659520149231,"z":0.16830047965049745,"w":-0.3741058111190796},"size":1.0963430404663087,"orthographic":false}