{"cameraMode":{"drawMode":0,"name":"Shaded","section":"Shading Mode"},"sceneLighting":true,"audioPlay":false,"sceneViewState":{"showFog":true,"showMaterialUpdate":true,"showSkybox":true,"showFlares":true,"showImageEffects":true,"showParticleSystems":true},"in2DMode":false,"pivot":{"x":-9.219303131103516,"y":3.72074556350708,"z":0.9622640609741211},"rotation":{"x":-0.14789317548274995,"y":-0.6202991604804993,"z":0.1205887719988823,"w":-0.7608115673065186},"size":5.922829627990723,"orthographic":false}