{"cameraMode":{"drawMode":0,"name":"Shaded","section":"Shading Mode"},"sceneLighting":false,"audioPlay":false,"sceneViewState":{"m_AlwaysRefresh":false,"showFog":true,"showSkybox":true,"showFlares":true,"showImageEffects":true,"showParticleSystems":true,"showVisualEffectGraphs":true,"m_FxEnabled":false},"in2DMode":false,"pivot":{"x":-20.10390853881836,"y":17.371868133544923,"z":3.2372522354125978},"rotation":{"x":-0.031002813950181009,"y":0.9498319625854492,"z":-0.10012216866016388,"w":-0.29475170373916628},"size":1.063014268875122,"orthographic":false}